x,cloudletId,startTime,finishTime,cost
128,1.0,0.0,160.0,76.0
128,3.0,0.0,160.0,76.0
128,5.0,0.0,160.0,76.0
128,7.0,0.0,160.0,76.0
128,9.0,0.0,160.0,76.0
128,11.0,0.0,160.0,76.0
128,13.0,0.0,160.0,76.0
128,15.0,0.0,160.0,76.0
128,17.0,0.0,160.0,76.0
128,19.0,0.0,160.0,76.0
128,21.0,0.0,160.0,76.0
128,23.0,0.0,160.0,76.0
128,25.0,0.0,160.0,76.0
128,27.0,0.0,160.0,76.0
128,29.0,0.0,160.0,76.0
128,31.0,0.0,160.0,76.0
128,33.0,0.0,160.0,76.0
128,35.0,0.0,160.0,76.0
128,37.0,0.0,160.0,76.0
128,39.0,0.0,160.0,76.0
128,41.0,0.0,160.0,76.0
128,43.0,0.0,160.0,76.0
128,45.0,0.0,160.0,76.0
128,47.0,0.0,160.0,76.0
128,49.0,0.0,160.0,76.0
128,51.0,0.0,160.0,76.0
128,53.0,0.0,160.0,76.0
128,55.0,0.0,160.0,76.0
128,57.0,0.0,160.0,76.0
128,59.0,0.0,160.0,76.0
128,61.0,0.0,160.0,76.0
128,63.0,0.0,160.0,76.0
128,65.0,0.0,160.0,76.0
128,67.0,0.0,160.0,76.0
128,0.0,0.0,160.0,76.0
128,2.0,0.0,160.0,76.0
128,4.0,0.0,160.0,76.0
128,6.0,0.0,160.0,76.0
128,8.0,0.0,160.0,76.0
128,10.0,0.0,160.0,76.0
128,12.0,0.0,160.0,76.0
128,14.0,0.0,160.0,76.0
128,16.0,0.0,160.0,76.0
128,18.0,0.0,160.0,76.0
128,20.0,0.0,160.0,76.0
128,22.0,0.0,160.0,76.0
128,24.0,0.0,160.0,76.0
128,26.0,0.0,160.0,76.0
128,28.0,0.0,160.0,76.0
128,30.0,0.0,160.0,76.0
128,32.0,0.0,160.0,76.0
128,34.0,0.0,160.0,76.0
128,36.0,0.0,160.0,76.0
128,38.0,0.0,160.0,76.0
128,40.0,0.0,160.0,76.0
128,42.0,0.0,160.0,76.0
128,44.0,0.0,160.0,76.0
128,46.0,0.0,160.0,76.0
128,48.0,0.0,160.0,76.0
128,50.0,0.0,160.0,76.0
128,52.0,0.0,160.0,76.0
128,54.0,0.0,160.0,76.0
128,56.0,0.0,160.0,76.0
128,58.0,0.0,160.0,76.0
128,60.0,0.0,160.0,76.0
128,62.0,0.0,160.0,76.0
128,64.0,0.0,160.0,76.0
128,66.0,0.0,160.0,76.0
128,69.0,160.0,320.0,76.001
128,71.0,160.0,320.0,76.001
128,73.0,160.0,320.0,76.001
128,75.0,160.0,320.0,76.001
128,77.0,160.0,320.0,76.001
128,79.0,160.0,320.0,76.001
128,81.0,160.0,320.0,76.001
128,83.0,160.0,320.0,76.001
128,85.0,160.0,320.0,76.001
128,87.0,160.0,320.0,76.001
128,89.0,160.0,320.0,76.001
128,91.0,160.0,320.0,76.001
128,93.0,160.0,320.0,76.001
128,95.0,160.0,320.0,76.001
128,97.0,160.0,320.0,76.001
128,99.0,160.0,320.0,76.001
128,101.0,160.0,320.0,76.001
128,103.0,160.0,320.0,76.001
128,105.0,160.0,320.0,76.001
128,107.0,160.0,320.0,76.001
128,109.0,160.0,320.0,76.001
128,111.0,160.0,320.0,76.001
128,113.0,160.0,320.0,76.001
128,115.0,160.0,320.0,76.001
128,117.0,160.0,320.0,76.001
128,119.0,160.0,320.0,76.001
128,121.0,160.0,320.0,76.001
128,123.0,160.0,320.0,76.001
128,125.0,160.0,320.0,76.001
128,127.0,160.0,320.0,76.001
128,68.0,160.0,320.0,76.001
128,70.0,160.0,320.0,76.001
128,72.0,160.0,320.0,76.001
128,74.0,160.0,320.0,76.001
128,76.0,160.0,320.0,76.001
128,78.0,160.0,320.0,76.001
128,80.0,160.0,320.0,76.001
128,82.0,160.0,320.0,76.001
128,84.0,160.0,320.0,76.001
128,86.0,160.0,320.0,76.001
128,88.0,160.0,320.0,76.001
128,90.0,160.0,320.0,76.001
128,92.0,160.0,320.0,76.001
128,94.0,160.0,320.0,76.001
128,96.0,160.0,320.0,76.001
128,98.0,160.0,320.0,76.001
128,100.0,160.0,320.0,76.001
128,102.0,160.0,320.0,76.001
128,104.0,160.0,320.0,76.001
128,106.0,160.0,320.0,76.001
128,108.0,160.0,320.0,76.001
128,110.0,160.0,320.0,76.001
128,112.0,160.0,320.0,76.001
128,114.0,160.0,320.0,76.001
128,116.0,160.0,320.0,76.001
128,118.0,160.0,320.0,76.001
128,120.0,160.0,320.0,76.001
128,122.0,160.0,320.0,76.001
128,124.0,160.0,320.0,76.001
128,126.0,160.0,320.0,76.001
98,1.0,0.0,160.0,76.0
98,2.0,0.0,160.0,76.0
98,4.0,0.0,160.0,76.0
98,6.0,0.0,160.0,76.0
98,8.0,0.0,160.0,76.0
98,10.0,0.0,160.0,76.0
98,12.0,0.0,160.0,76.0
98,14.0,0.0,160.0,76.0
98,16.0,0.0,160.0,76.0
98,18.0,0.0,160.0,76.0
98,20.0,0.0,160.0,76.0
98,22.0,0.0,160.0,76.0
98,24.0,0.0,160.0,76.0
98,26.0,0.0,160.0,76.0
98,28.0,0.0,160.0,76.0
98,30.0,0.0,160.0,76.0
98,32.0,0.0,160.0,76.0
98,34.0,0.0,160.0,76.0
98,36.0,0.0,160.0,76.0
98,38.0,0.0,160.0,76.0
98,40.0,0.0,160.0,76.0
98,42.0,0.0,160.0,76.0
98,44.0,0.0,160.0,76.0
98,46.0,0.0,160.0,76.0
98,48.0,0.0,160.0,76.0
98,50.0,0.0,160.0,76.0
98,52.0,0.0,160.0,76.0
98,54.0,0.0,160.0,76.0
98,56.0,0.0,160.0,76.0
98,58.0,0.0,160.0,76.0
98,60.0,0.0,160.0,76.0
98,62.0,0.0,160.0,76.0
98,64.0,0.0,160.0,76.0
98,66.0,0.0,160.0,76.0
98,0.0,0.0,160.0,76.0
98,3.0,0.0,160.0,76.0
98,5.0,0.0,160.0,76.0
98,7.0,0.0,160.0,76.0
98,9.0,0.0,160.0,76.0
98,11.0,0.0,160.0,76.0
98,13.0,0.0,160.0,76.0
98,15.0,0.0,160.0,76.0
98,17.0,0.0,160.0,76.0
98,19.0,0.0,160.0,76.0
98,21.0,0.0,160.0,76.0
98,23.0,0.0,160.0,76.0
98,25.0,0.0,160.0,76.0
98,27.0,0.0,160.0,76.0
98,29.0,0.0,160.0,76.0
98,31.0,0.0,160.0,76.0
98,33.0,0.0,160.0,76.0
98,35.0,0.0,160.0,76.0
98,37.0,0.0,160.0,76.0
98,39.0,0.0,160.0,76.0
98,41.0,0.0,160.0,76.0
98,43.0,0.0,160.0,76.0
98,45.0,0.0,160.0,76.0
98,47.0,0.0,160.0,76.0
98,49.0,0.0,160.0,76.0
98,51.0,0.0,160.0,76.0
98,53.0,0.0,160.0,76.0
98,55.0,0.0,160.0,76.0
98,57.0,0.0,160.0,76.0
98,59.0,0.0,160.0,76.0
98,61.0,0.0,160.0,76.0
98,63.0,0.0,160.0,76.0
98,65.0,0.0,160.0,76.0
98,67.0,0.0,160.0,76.0
98,69.0,160.0,320.0,76.001
98,70.0,160.0,320.0,76.001
98,72.0,160.0,320.0,76.001
98,74.0,160.0,320.0,76.001
98,76.0,160.0,320.0,76.001
98,78.0,160.0,320.0,76.001
98,80.0,160.0,320.0,76.001
98,82.0,160.0,320.0,76.001
98,84.0,160.0,320.0,76.001
98,86.0,160.0,320.0,76.001
98,88.0,160.0,320.0,76.001
98,90.0,160.0,320.0,76.001
98,92.0,160.0,320.0,76.001
98,94.0,160.0,320.0,76.001
98,96.0,160.0,320.0,76.001
98,68.0,160.0,320.0,76.001
98,71.0,160.0,320.0,76.001
98,73.0,160.0,320.0,76.001
98,75.0,160.0,320.0,76.001
98,77.0,160.0,320.0,76.001
98,79.0,160.0,320.0,76.001
98,81.0,160.0,320.0,76.001
98,83.0,160.0,320.0,76.001
98,85.0,160.0,320.0,76.001
98,87.0,160.0,320.0,76.001
98,89.0,160.0,320.0,76.001
98,91.0,160.0,320.0,76.001
98,93.0,160.0,320.0,76.001
98,95.0,160.0,320.0,76.001
98,97.0,160.0,320.0,76.001
178,0.0,0.0,160.0,76.0
178,2.0,0.0,160.0,76.0
178,4.0,0.0,160.0,76.0
178,6.0,0.0,160.0,76.0
178,8.0,0.0,160.0,76.0
178,10.0,0.0,160.0,76.0
178,12.0,0.0,160.0,76.0
178,14.0,0.0,160.0,76.0
178,16.0,0.0,160.0,76.0
178,18.0,0.0,160.0,76.0
178,20.0,0.0,160.0,76.0
178,22.0,0.0,160.0,76.0
178,24.0,0.0,160.0,76.0
178,26.0,0.0,160.0,76.0
178,28.0,0.0,160.0,76.0
178,30.0,0.0,160.0,76.0
178,32.0,0.0,160.0,76.0
178,34.0,0.0,160.0,76.0
178,36.0,0.0,160.0,76.0
178,38.0,0.0,160.0,76.0
178,40.0,0.0,160.0,76.0
178,42.0,0.0,160.0,76.0
178,44.0,0.0,160.0,76.0
178,46.0,0.0,160.0,76.0
178,48.0,0.0,160.0,76.0
178,50.0,0.0,160.0,76.0
178,52.0,0.0,160.0,76.0
178,54.0,0.0,160.0,76.0
178,56.0,0.0,160.0,76.0
178,58.0,0.0,160.0,76.0
178,60.0,0.0,160.0,76.0
178,62.0,0.0,160.0,76.0
178,64.0,0.0,160.0,76.0
178,66.0,0.0,160.0,76.0
178,1.0,0.0,160.0,76.0
178,3.0,0.0,160.0,76.0
178,5.0,0.0,160.0,76.0
178,7.0,0.0,160.0,76.0
178,9.0,0.0,160.0,76.0
178,11.0,0.0,160.0,76.0
178,13.0,0.0,160.0,76.0
178,15.0,0.0,160.0,76.0
178,17.0,0.0,160.0,76.0
178,19.0,0.0,160.0,76.0
178,21.0,0.0,160.0,76.0
178,23.0,0.0,160.0,76.0
178,25.0,0.0,160.0,76.0
178,27.0,0.0,160.0,76.0
178,29.0,0.0,160.0,76.0
178,31.0,0.0,160.0,76.0
178,33.0,0.0,160.0,76.0
178,35.0,0.0,160.0,76.0
178,37.0,0.0,160.0,76.0
178,39.0,0.0,160.0,76.0
178,41.0,0.0,160.0,76.0
178,43.0,0.0,160.0,76.0
178,45.0,0.0,160.0,76.0
178,47.0,0.0,160.0,76.0
178,49.0,0.0,160.0,76.0
178,51.0,0.0,160.0,76.0
178,53.0,0.0,160.0,76.0
178,55.0,0.0,160.0,76.0
178,57.0,0.0,160.0,76.0
178,59.0,0.0,160.0,76.0
178,61.0,0.0,160.0,76.0
178,63.0,0.0,160.0,76.0
178,65.0,0.0,160.0,76.0
178,67.0,0.0,160.0,76.0
178,68.0,160.0,320.0,76.001
178,70.0,160.0,320.0,76.001
178,72.0,160.0,320.0,76.001
178,74.0,160.0,320.0,76.001
178,76.0,160.0,320.0,76.001
178,78.0,160.0,320.0,76.001
178,80.0,160.0,320.0,76.001
178,82.0,160.0,320.0,76.001
178,84.0,160.0,320.0,76.001
178,86.0,160.0,320.0,76.001
178,88.0,160.0,320.0,76.001
178,90.0,160.0,320.0,76.001
178,92.0,160.0,320.0,76.001
178,94.0,160.0,320.0,76.001
178,96.0,160.0,320.0,76.001
178,98.0,160.0,320.0,76.001
178,100.0,160.0,320.0,76.001
178,102.0,160.0,320.0,76.001
178,104.0,160.0,320.0,76.001
178,106.0,160.0,320.0,76.001
178,108.0,160.0,320.0,76.001
178,110.0,160.0,320.0,76.001
178,112.0,160.0,320.0,76.001
178,114.0,160.0,320.0,76.001
178,116.0,160.0,320.0,76.001
178,118.0,160.0,320.0,76.001
178,120.0,160.0,320.0,76.001
178,122.0,160.0,320.0,76.001
178,124.0,160.0,320.0,76.001
178,126.0,160.0,320.0,76.001
178,128.0,160.0,320.0,76.001
178,130.0,160.0,320.0,76.001
178,132.0,160.0,320.0,76.001
178,134.0,160.0,320.0,76.001
178,69.0,160.0,320.0,76.001
178,71.0,160.0,320.0,76.001
178,73.0,160.0,320.0,76.001
178,75.0,160.0,320.0,76.001
178,77.0,160.0,320.0,76.001
178,79.0,160.0,320.0,76.001
178,81.0,160.0,320.0,76.001
178,83.0,160.0,320.0,76.001
178,85.0,160.0,320.0,76.001
178,87.0,160.0,320.0,76.001
178,89.0,160.0,320.0,76.001
178,91.0,160.0,320.0,76.001
178,93.0,160.0,320.0,76.001
178,95.0,160.0,320.0,76.001
178,97.0,160.0,320.0,76.001
178,99.0,160.0,320.0,76.001
178,101.0,160.0,320.0,76.001
178,103.0,160.0,320.0,76.001
178,105.0,160.0,320.0,76.001
178,107.0,160.0,320.0,76.001
178,109.0,160.0,320.0,76.001
178,111.0,160.0,320.0,76.001
178,113.0,160.0,320.0,76.001
178,115.0,160.0,320.0,76.001
178,117.0,160.0,320.0,76.001
178,119.0,160.0,320.0,76.001
178,121.0,160.0,320.0,76.001
178,123.0,160.0,320.0,76.001
178,125.0,160.0,320.0,76.001
178,127.0,160.0,320.0,76.001
178,129.0,160.0,320.0,76.001
178,131.0,160.0,320.0,76.001
178,133.0,160.0,320.0,76.001
178,135.0,160.0,320.0,76.001
178,136.0,320.0,480.0,76.011
178,138.0,320.0,480.0,76.011
178,140.0,320.0,480.0,76.011
178,142.0,320.0,480.0,76.011
178,144.0,320.0,480.0,76.011
178,146.0,320.0,480.0,76.011
178,148.0,320.0,480.0,76.011
178,150.0,320.0,480.0,76.011
178,152.0,320.0,480.0,76.011
178,154.0,320.0,480.0,76.011
178,156.0,320.0,480.0,76.011
178,158.0,320.0,480.0,76.011
178,160.0,320.0,480.0,76.011
178,162.0,320.0,480.0,76.011
178,164.0,320.0,480.0,76.011
178,166.0,320.0,480.0,76.011
178,168.0,320.0,480.0,76.011
178,170.0,320.0,480.0,76.011
178,172.0,320.0,480.0,76.011
178,174.0,320.0,480.0,76.011
178,176.0,320.0,480.0,76.011
178,137.0,320.0,480.0,76.011
178,139.0,320.0,480.0,76.011
178,141.0,320.0,480.0,76.011
178,143.0,320.0,480.0,76.011
178,145.0,320.0,480.0,76.011
178,147.0,320.0,480.0,76.011
178,149.0,320.0,480.0,76.011
178,151.0,320.0,480.0,76.011
178,153.0,320.0,480.0,76.011
178,155.0,320.0,480.0,76.011
178,157.0,320.0,480.0,76.011
178,159.0,320.0,480.0,76.011
178,161.0,320.0,480.0,76.011
178,163.0,320.0,480.0,76.011
178,165.0,320.0,480.0,76.011
178,167.0,320.0,480.0,76.011
178,169.0,320.0,480.0,76.011
178,171.0,320.0,480.0,76.011
178,173.0,320.0,480.0,76.011
178,175.0,320.0,480.0,76.011
178,177.0,320.0,480.0,76.011
68,1.0,0.0,160.0,76.0
68,3.0,0.0,160.0,76.0
68,5.0,0.0,160.0,76.0
68,7.0,0.0,160.0,76.0
68,9.0,0.0,160.0,76.0
68,11.0,0.0,160.0,76.0
68,13.0,0.0,160.0,76.0
68,15.0,0.0,160.0,76.0
68,17.0,0.0,160.0,76.0
68,19.0,0.0,160.0,76.0
68,21.0,0.0,160.0,76.0
68,23.0,0.0,160.0,76.0
68,25.0,0.0,160.0,76.0
68,27.0,0.0,160.0,76.0
68,29.0,0.0,160.0,76.0
68,31.0,0.0,160.0,76.0
68,33.0,0.0,160.0,76.0
68,35.0,0.0,160.0,76.0
68,37.0,0.0,160.0,76.0
68,39.0,0.0,160.0,76.0
68,41.0,0.0,160.0,76.0
68,43.0,0.0,160.0,76.0
68,45.0,0.0,160.0,76.0
68,47.0,0.0,160.0,76.0
68,49.0,0.0,160.0,76.0
68,51.0,0.0,160.0,76.0
68,53.0,0.0,160.0,76.0
68,55.0,0.0,160.0,76.0
68,57.0,0.0,160.0,76.0
68,59.0,0.0,160.0,76.0
68,61.0,0.0,160.0,76.0
68,63.0,0.0,160.0,76.0
68,65.0,0.0,160.0,76.0
68,67.0,0.0,160.0,76.0
68,0.0,0.0,160.0,76.0
68,2.0,0.0,160.0,76.0
68,4.0,0.0,160.0,76.0
68,6.0,0.0,160.0,76.0
68,8.0,0.0,160.0,76.0
68,10.0,0.0,160.0,76.0
68,12.0,0.0,160.0,76.0
68,14.0,0.0,160.0,76.0
68,16.0,0.0,160.0,76.0
68,18.0,0.0,160.0,76.0
68,20.0,0.0,160.0,76.0
68,22.0,0.0,160.0,76.0
68,24.0,0.0,160.0,76.0
68,26.0,0.0,160.0,76.0
68,28.0,0.0,160.0,76.0
68,30.0,0.0,160.0,76.0
68,32.0,0.0,160.0,76.0
68,34.0,0.0,160.0,76.0
68,36.0,0.0,160.0,76.0
68,38.0,0.0,160.0,76.0
68,40.0,0.0,160.0,76.0
68,42.0,0.0,160.0,76.0
68,44.0,0.0,160.0,76.0
68,46.0,0.0,160.0,76.0
68,48.0,0.0,160.0,76.0
68,50.0,0.0,160.0,76.0
68,52.0,0.0,160.0,76.0
68,54.0,0.0,160.0,76.0
68,56.0,0.0,160.0,76.0
68,58.0,0.0,160.0,76.0
68,60.0,0.0,160.0,76.0
68,62.0,0.0,160.0,76.0
68,64.0,0.0,160.0,76.0
68,66.0,0.0,160.0,76.0
148,1.0,0.0,160.0,76.0
148,3.0,0.0,160.0,76.0
148,5.0,0.0,160.0,76.0
148,7.0,0.0,160.0,76.0
148,9.0,0.0,160.0,76.0
148,11.0,0.0,160.0,76.0
148,13.0,0.0,160.0,76.0
148,15.0,0.0,160.0,76.0
148,17.0,0.0,160.0,76.0
148,19.0,0.0,160.0,76.0
148,21.0,0.0,160.0,76.0
148,23.0,0.0,160.0,76.0
148,25.0,0.0,160.0,76.0
148,27.0,0.0,160.0,76.0
148,29.0,0.0,160.0,76.0
148,31.0,0.0,160.0,76.0
148,33.0,0.0,160.0,76.0
148,35.0,0.0,160.0,76.0
148,37.0,0.0,160.0,76.0
148,39.0,0.0,160.0,76.0
148,41.0,0.0,160.0,76.0
148,43.0,0.0,160.0,76.0
148,45.0,0.0,160.0,76.0
148,47.0,0.0,160.0,76.0
148,49.0,0.0,160.0,76.0
148,51.0,0.0,160.0,76.0
148,53.0,0.0,160.0,76.0
148,55.0,0.0,160.0,76.0
148,57.0,0.0,160.0,76.0
148,59.0,0.0,160.0,76.0
148,61.0,0.0,160.0,76.0
148,63.0,0.0,160.0,76.0
148,65.0,0.0,160.0,76.0
148,67.0,0.0,160.0,76.0
148,0.0,0.0,160.0,76.0
148,2.0,0.0,160.0,76.0
148,4.0,0.0,160.0,76.0
148,6.0,0.0,160.0,76.0
148,8.0,0.0,160.0,76.0
148,10.0,0.0,160.0,76.0
148,12.0,0.0,160.0,76.0
148,14.0,0.0,160.0,76.0
148,16.0,0.0,160.0,76.0
148,18.0,0.0,160.0,76.0
148,20.0,0.0,160.0,76.0
148,22.0,0.0,160.0,76.0
148,24.0,0.0,160.0,76.0
148,26.0,0.0,160.0,76.0
148,28.0,0.0,160.0,76.0
148,30.0,0.0,160.0,76.0
148,32.0,0.0,160.0,76.0
148,34.0,0.0,160.0,76.0
148,36.0,0.0,160.0,76.0
148,38.0,0.0,160.0,76.0
148,40.0,0.0,160.0,76.0
148,42.0,0.0,160.0,76.0
148,44.0,0.0,160.0,76.0
148,46.0,0.0,160.0,76.0
148,48.0,0.0,160.0,76.0
148,50.0,0.0,160.0,76.0
148,52.0,0.0,160.0,76.0
148,54.0,0.0,160.0,76.0
148,56.0,0.0,160.0,76.0
148,58.0,0.0,160.0,76.0
148,60.0,0.0,160.0,76.0
148,62.0,0.0,160.0,76.0
148,64.0,0.0,160.0,76.0
148,66.0,0.0,160.0,76.0
148,69.0,160.0,320.0,76.001
148,71.0,160.0,320.0,76.001
148,73.0,160.0,320.0,76.001
148,75.0,160.0,320.0,76.001
148,77.0,160.0,320.0,76.001
148,79.0,160.0,320.0,76.001
148,81.0,160.0,320.0,76.001
148,83.0,160.0,320.0,76.001
148,85.0,160.0,320.0,76.001
148,87.0,160.0,320.0,76.001
148,89.0,160.0,320.0,76.001
148,91.0,160.0,320.0,76.001
148,93.0,160.0,320.0,76.001
148,95.0,160.0,320.0,76.001
148,97.0,160.0,320.0,76.001
148,99.0,160.0,320.0,76.001
148,101.0,160.0,320.0,76.001
148,103.0,160.0,320.0,76.001
148,105.0,160.0,320.0,76.001
148,107.0,160.0,320.0,76.001
148,109.0,160.0,320.0,76.001
148,111.0,160.0,320.0,76.001
148,113.0,160.0,320.0,76.001
148,115.0,160.0,320.0,76.001
148,117.0,160.0,320.0,76.001
148,119.0,160.0,320.0,76.001
148,121.0,160.0,320.0,76.001
148,123.0,160.0,320.0,76.001
148,125.0,160.0,320.0,76.001
148,127.0,160.0,320.0,76.001
148,129.0,160.0,320.0,76.001
148,131.0,160.0,320.0,76.001
148,133.0,160.0,320.0,76.001
148,135.0,160.0,320.0,76.001
148,68.0,160.0,320.0,76.001
148,70.0,160.0,320.0,76.001
148,72.0,160.0,320.0,76.001
148,74.0,160.0,320.0,76.001
148,76.0,160.0,320.0,76.001
148,78.0,160.0,320.0,76.001
148,80.0,160.0,320.0,76.001
148,82.0,160.0,320.0,76.001
148,84.0,160.0,320.0,76.001
148,86.0,160.0,320.0,76.001
148,88.0,160.0,320.0,76.001
148,90.0,160.0,320.0,76.001
148,92.0,160.0,320.0,76.001
148,94.0,160.0,320.0,76.001
148,96.0,160.0,320.0,76.001
148,98.0,160.0,320.0,76.001
148,100.0,160.0,320.0,76.001
148,102.0,160.0,320.0,76.001
148,104.0,160.0,320.0,76.001
148,106.0,160.0,320.0,76.001
148,108.0,160.0,320.0,76.001
148,110.0,160.0,320.0,76.001
148,112.0,160.0,320.0,76.001
148,114.0,160.0,320.0,76.001
148,116.0,160.0,320.0,76.001
148,118.0,160.0,320.0,76.001
148,120.0,160.0,320.0,76.001
148,122.0,160.0,320.0,76.001
148,124.0,160.0,320.0,76.001
148,126.0,160.0,320.0,76.001
148,128.0,160.0,320.0,76.001
148,130.0,160.0,320.0,76.001
148,132.0,160.0,320.0,76.001
148,134.0,160.0,320.0,76.001
148,137.0,320.0,480.0,76.011
148,139.0,320.0,480.0,76.011
148,141.0,320.0,480.0,76.011
148,143.0,320.0,480.0,76.011
148,145.0,320.0,480.0,76.011
148,147.0,320.0,480.0,76.011
148,136.0,320.0,480.0,76.011
148,138.0,320.0,480.0,76.011
148,140.0,320.0,480.0,76.011
148,142.0,320.0,480.0,76.011
148,144.0,320.0,480.0,76.011
148,146.0,320.0,480.0,76.011
118,1.0,0.0,160.0,76.0
118,3.0,0.0,160.0,76.0
118,5.0,0.0,160.0,76.0
118,7.0,0.0,160.0,76.0
118,9.0,0.0,160.0,76.0
118,11.0,0.0,160.0,76.0
118,13.0,0.0,160.0,76.0
118,15.0,0.0,160.0,76.0
118,17.0,0.0,160.0,76.0
118,19.0,0.0,160.0,76.0
118,21.0,0.0,160.0,76.0
118,23.0,0.0,160.0,76.0
118,25.0,0.0,160.0,76.0
118,27.0,0.0,160.0,76.0
118,29.0,0.0,160.0,76.0
118,31.0,0.0,160.0,76.0
118,33.0,0.0,160.0,76.0
118,35.0,0.0,160.0,76.0
118,37.0,0.0,160.0,76.0
118,39.0,0.0,160.0,76.0
118,41.0,0.0,160.0,76.0
118,43.0,0.0,160.0,76.0
118,45.0,0.0,160.0,76.0
118,47.0,0.0,160.0,76.0
118,49.0,0.0,160.0,76.0
118,51.0,0.0,160.0,76.0
118,53.0,0.0,160.0,76.0
118,55.0,0.0,160.0,76.0
118,57.0,0.0,160.0,76.0
118,59.0,0.0,160.0,76.0
118,61.0,0.0,160.0,76.0
118,63.0,0.0,160.0,76.0
118,65.0,0.0,160.0,76.0
118,67.0,0.0,160.0,76.0
118,0.0,0.0,160.0,76.0
118,2.0,0.0,160.0,76.0
118,4.0,0.0,160.0,76.0
118,6.0,0.0,160.0,76.0
118,8.0,0.0,160.0,76.0
118,10.0,0.0,160.0,76.0
118,12.0,0.0,160.0,76.0
118,14.0,0.0,160.0,76.0
118,16.0,0.0,160.0,76.0
118,18.0,0.0,160.0,76.0
118,20.0,0.0,160.0,76.0
118,22.0,0.0,160.0,76.0
118,24.0,0.0,160.0,76.0
118,26.0,0.0,160.0,76.0
118,28.0,0.0,160.0,76.0
118,30.0,0.0,160.0,76.0
118,32.0,0.0,160.0,76.0
118,34.0,0.0,160.0,76.0
118,36.0,0.0,160.0,76.0
118,38.0,0.0,160.0,76.0
118,40.0,0.0,160.0,76.0
118,42.0,0.0,160.0,76.0
118,44.0,0.0,160.0,76.0
118,46.0,0.0,160.0,76.0
118,48.0,0.0,160.0,76.0
118,50.0,0.0,160.0,76.0
118,52.0,0.0,160.0,76.0
118,54.0,0.0,160.0,76.0
118,56.0,0.0,160.0,76.0
118,58.0,0.0,160.0,76.0
118,60.0,0.0,160.0,76.0
118,62.0,0.0,160.0,76.0
118,64.0,0.0,160.0,76.0
118,66.0,0.0,160.0,76.0
118,69.0,160.0,320.0,76.001
118,71.0,160.0,320.0,76.001
118,73.0,160.0,320.0,76.001
118,75.0,160.0,320.0,76.001
118,77.0,160.0,320.0,76.001
118,79.0,160.0,320.0,76.001
118,81.0,160.0,320.0,76.001
118,83.0,160.0,320.0,76.001
118,85.0,160.0,320.0,76.001
118,87.0,160.0,320.0,76.001
118,89.0,160.0,320.0,76.001
118,91.0,160.0,320.0,76.001
118,93.0,160.0,320.0,76.001
118,95.0,160.0,320.0,76.001
118,97.0,160.0,320.0,76.001
118,99.0,160.0,320.0,76.001
118,101.0,160.0,320.0,76.001
118,103.0,160.0,320.0,76.001
118,105.0,160.0,320.0,76.001
118,107.0,160.0,320.0,76.001
118,109.0,160.0,320.0,76.001
118,111.0,160.0,320.0,76.001
118,113.0,160.0,320.0,76.001
118,115.0,160.0,320.0,76.001
118,117.0,160.0,320.0,76.001
118,68.0,160.0,320.0,76.001
118,70.0,160.0,320.0,76.001
118,72.0,160.0,320.0,76.001
118,74.0,160.0,320.0,76.001
118,76.0,160.0,320.0,76.001
118,78.0,160.0,320.0,76.001
118,80.0,160.0,320.0,76.001
118,82.0,160.0,320.0,76.001
118,84.0,160.0,320.0,76.001
118,86.0,160.0,320.0,76.001
118,88.0,160.0,320.0,76.001
118,90.0,160.0,320.0,76.001
118,92.0,160.0,320.0,76.001
118,94.0,160.0,320.0,76.001
118,96.0,160.0,320.0,76.001
118,98.0,160.0,320.0,76.001
118,100.0,160.0,320.0,76.001
118,102.0,160.0,320.0,76.001
118,104.0,160.0,320.0,76.001
118,106.0,160.0,320.0,76.001
118,108.0,160.0,320.0,76.001
118,110.0,160.0,320.0,76.001
118,112.0,160.0,320.0,76.001
118,114.0,160.0,320.0,76.001
118,116.0,160.0,320.0,76.001
88,1.0,0.0,160.0,76.0
88,3.0,0.0,160.0,76.0
88,5.0,0.0,160.0,76.0
88,7.0,0.0,160.0,76.0
88,9.0,0.0,160.0,76.0
88,11.0,0.0,160.0,76.0
88,13.0,0.0,160.0,76.0
88,15.0,0.0,160.0,76.0
88,17.0,0.0,160.0,76.0
88,19.0,0.0,160.0,76.0
88,21.0,0.0,160.0,76.0
88,23.0,0.0,160.0,76.0
88,25.0,0.0,160.0,76.0
88,27.0,0.0,160.0,76.0
88,29.0,0.0,160.0,76.0
88,31.0,0.0,160.0,76.0
88,33.0,0.0,160.0,76.0
88,35.0,0.0,160.0,76.0
88,37.0,0.0,160.0,76.0
88,39.0,0.0,160.0,76.0
88,41.0,0.0,160.0,76.0
88,43.0,0.0,160.0,76.0
88,45.0,0.0,160.0,76.0
88,47.0,0.0,160.0,76.0
88,49.0,0.0,160.0,76.0
88,51.0,0.0,160.0,76.0
88,53.0,0.0,160.0,76.0
88,55.0,0.0,160.0,76.0
88,57.0,0.0,160.0,76.0
88,59.0,0.0,160.0,76.0
88,61.0,0.0,160.0,76.0
88,63.0,0.0,160.0,76.0
88,65.0,0.0,160.0,76.0
88,67.0,0.0,160.0,76.0
88,0.0,0.0,160.0,76.0
88,2.0,0.0,160.0,76.0
88,4.0,0.0,160.0,76.0
88,6.0,0.0,160.0,76.0
88,8.0,0.0,160.0,76.0
88,10.0,0.0,160.0,76.0
88,12.0,0.0,160.0,76.0
88,14.0,0.0,160.0,76.0
88,16.0,0.0,160.0,76.0
88,18.0,0.0,160.0,76.0
88,20.0,0.0,160.0,76.0
88,22.0,0.0,160.0,76.0
88,24.0,0.0,160.0,76.0
88,26.0,0.0,160.0,76.0
88,28.0,0.0,160.0,76.0
88,30.0,0.0,160.0,76.0
88,32.0,0.0,160.0,76.0
88,34.0,0.0,160.0,76.0
88,36.0,0.0,160.0,76.0
88,38.0,0.0,160.0,76.0
88,40.0,0.0,160.0,76.0
88,42.0,0.0,160.0,76.0
88,44.0,0.0,160.0,76.0
88,46.0,0.0,160.0,76.0
88,48.0,0.0,160.0,76.0
88,50.0,0.0,160.0,76.0
88,52.0,0.0,160.0,76.0
88,54.0,0.0,160.0,76.0
88,56.0,0.0,160.0,76.0
88,58.0,0.0,160.0,76.0
88,60.0,0.0,160.0,76.0
88,62.0,0.0,160.0,76.0
88,64.0,0.0,160.0,76.0
88,66.0,0.0,160.0,76.0
88,69.0,160.0,320.0,76.001
88,71.0,160.0,320.0,76.001
88,73.0,160.0,320.0,76.001
88,75.0,160.0,320.0,76.001
88,77.0,160.0,320.0,76.001
88,79.0,160.0,320.0,76.001
88,81.0,160.0,320.0,76.001
88,83.0,160.0,320.0,76.001
88,85.0,160.0,320.0,76.001
88,87.0,160.0,320.0,76.001
88,68.0,160.0,320.0,76.001
88,70.0,160.0,320.0,76.001
88,72.0,160.0,320.0,76.001
88,74.0,160.0,320.0,76.001
88,76.0,160.0,320.0,76.001
88,78.0,160.0,320.0,76.001
88,80.0,160.0,320.0,76.001
88,82.0,160.0,320.0,76.001
88,84.0,160.0,320.0,76.001
88,86.0,160.0,320.0,76.001
168,1.0,0.0,160.0,76.0
168,3.0,0.0,160.0,76.0
168,5.0,0.0,160.0,76.0
168,7.0,0.0,160.0,76.0
168,9.0,0.0,160.0,76.0
168,11.0,0.0,160.0,76.0
168,13.0,0.0,160.0,76.0
168,15.0,0.0,160.0,76.0
168,17.0,0.0,160.0,76.0
168,19.0,0.0,160.0,76.0
168,21.0,0.0,160.0,76.0
168,23.0,0.0,160.0,76.0
168,25.0,0.0,160.0,76.0
168,27.0,0.0,160.0,76.0
168,29.0,0.0,160.0,76.0
168,31.0,0.0,160.0,76.0
168,33.0,0.0,160.0,76.0
168,35.0,0.0,160.0,76.0
168,37.0,0.0,160.0,76.0
168,39.0,0.0,160.0,76.0
168,41.0,0.0,160.0,76.0
168,43.0,0.0,160.0,76.0
168,45.0,0.0,160.0,76.0
168,47.0,0.0,160.0,76.0
168,49.0,0.0,160.0,76.0
168,51.0,0.0,160.0,76.0
168,53.0,0.0,160.0,76.0
168,55.0,0.0,160.0,76.0
168,57.0,0.0,160.0,76.0
168,59.0,0.0,160.0,76.0
168,61.0,0.0,160.0,76.0
168,63.0,0.0,160.0,76.0
168,65.0,0.0,160.0,76.0
168,67.0,0.0,160.0,76.0
168,0.0,0.0,160.0,76.0
168,2.0,0.0,160.0,76.0
168,4.0,0.0,160.0,76.0
168,6.0,0.0,160.0,76.0
168,8.0,0.0,160.0,76.0
168,10.0,0.0,160.0,76.0
168,12.0,0.0,160.0,76.0
168,14.0,0.0,160.0,76.0
168,16.0,0.0,160.0,76.0
168,18.0,0.0,160.0,76.0
168,20.0,0.0,160.0,76.0
168,22.0,0.0,160.0,76.0
168,24.0,0.0,160.0,76.0
168,26.0,0.0,160.0,76.0
168,28.0,0.0,160.0,76.0
168,30.0,0.0,160.0,76.0
168,32.0,0.0,160.0,76.0
168,34.0,0.0,160.0,76.0
168,36.0,0.0,160.0,76.0
168,38.0,0.0,160.0,76.0
168,40.0,0.0,160.0,76.0
168,42.0,0.0,160.0,76.0
168,44.0,0.0,160.0,76.0
168,46.0,0.0,160.0,76.0
168,48.0,0.0,160.0,76.0
168,50.0,0.0,160.0,76.0
168,52.0,0.0,160.0,76.0
168,54.0,0.0,160.0,76.0
168,56.0,0.0,160.0,76.0
168,58.0,0.0,160.0,76.0
168,60.0,0.0,160.0,76.0
168,62.0,0.0,160.0,76.0
168,64.0,0.0,160.0,76.0
168,66.0,0.0,160.0,76.0
168,69.0,160.0,320.0,76.001
168,71.0,160.0,320.0,76.001
168,73.0,160.0,320.0,76.001
168,75.0,160.0,320.0,76.001
168,77.0,160.0,320.0,76.001
168,79.0,160.0,320.0,76.001
168,81.0,160.0,320.0,76.001
168,83.0,160.0,320.0,76.001
168,85.0,160.0,320.0,76.001
168,87.0,160.0,320.0,76.001
168,89.0,160.0,320.0,76.001
168,91.0,160.0,320.0,76.001
168,93.0,160.0,320.0,76.001
168,95.0,160.0,320.0,76.001
168,97.0,160.0,320.0,76.001
168,99.0,160.0,320.0,76.001
168,101.0,160.0,320.0,76.001
168,103.0,160.0,320.0,76.001
168,105.0,160.0,320.0,76.001
168,107.0,160.0,320.0,76.001
168,109.0,160.0,320.0,76.001
168,111.0,160.0,320.0,76.001
168,113.0,160.0,320.0,76.001
168,115.0,160.0,320.0,76.001
168,117.0,160.0,320.0,76.001
168,119.0,160.0,320.0,76.001
168,121.0,160.0,320.0,76.001
168,123.0,160.0,320.0,76.001
168,125.0,160.0,320.0,76.001
168,127.0,160.0,320.0,76.001
168,129.0,160.0,320.0,76.001
168,131.0,160.0,320.0,76.001
168,133.0,160.0,320.0,76.001
168,135.0,160.0,320.0,76.001
168,68.0,160.0,320.0,76.001
168,70.0,160.0,320.0,76.001
168,72.0,160.0,320.0,76.001
168,74.0,160.0,320.0,76.001
168,76.0,160.0,320.0,76.001
168,78.0,160.0,320.0,76.001
168,80.0,160.0,320.0,76.001
168,82.0,160.0,320.0,76.001
168,84.0,160.0,320.0,76.001
168,86.0,160.0,320.0,76.001
168,88.0,160.0,320.0,76.001
168,90.0,160.0,320.0,76.001
168,92.0,160.0,320.0,76.001
168,94.0,160.0,320.0,76.001
168,96.0,160.0,320.0,76.001
168,98.0,160.0,320.0,76.001
168,100.0,160.0,320.0,76.001
168,102.0,160.0,320.0,76.001
168,104.0,160.0,320.0,76.001
168,106.0,160.0,320.0,76.001
168,108.0,160.0,320.0,76.001
168,110.0,160.0,320.0,76.001
168,112.0,160.0,320.0,76.001
168,114.0,160.0,320.0,76.001
168,116.0,160.0,320.0,76.001
168,118.0,160.0,320.0,76.001
168,120.0,160.0,320.0,76.001
168,122.0,160.0,320.0,76.001
168,124.0,160.0,320.0,76.001
168,126.0,160.0,320.0,76.001
168,128.0,160.0,320.0,76.001
168,130.0,160.0,320.0,76.001
168,132.0,160.0,320.0,76.001
168,134.0,160.0,320.0,76.001
168,137.0,320.0,480.0,76.011
168,139.0,320.0,480.0,76.011
168,141.0,320.0,480.0,76.011
168,143.0,320.0,480.0,76.011
168,145.0,320.0,480.0,76.011
168,147.0,320.0,480.0,76.011
168,149.0,320.0,480.0,76.011
168,151.0,320.0,480.0,76.011
168,153.0,320.0,480.0,76.011
168,155.0,320.0,480.0,76.011
168,157.0,320.0,480.0,76.011
168,159.0,320.0,480.0,76.011
168,161.0,320.0,480.0,76.011
168,163.0,320.0,480.0,76.011
168,165.0,320.0,480.0,76.011
168,167.0,320.0,480.0,76.011
168,136.0,320.0,480.0,76.011
168,138.0,320.0,480.0,76.011
168,140.0,320.0,480.0,76.011
168,142.0,320.0,480.0,76.011
168,144.0,320.0,480.0,76.011
168,146.0,320.0,480.0,76.011
168,148.0,320.0,480.0,76.011
168,150.0,320.0,480.0,76.011
168,152.0,320.0,480.0,76.011
168,154.0,320.0,480.0,76.011
168,156.0,320.0,480.0,76.011
168,158.0,320.0,480.0,76.011
168,160.0,320.0,480.0,76.011
168,162.0,320.0,480.0,76.011
168,164.0,320.0,480.0,76.011
168,166.0,320.0,480.0,76.011
138,1.0,0.0,160.0,76.0
138,2.0,0.0,160.0,76.0
138,4.0,0.0,160.0,76.0
138,6.0,0.0,160.0,76.0
138,8.0,0.0,160.0,76.0
138,10.0,0.0,160.0,76.0
138,12.0,0.0,160.0,76.0
138,14.0,0.0,160.0,76.0
138,16.0,0.0,160.0,76.0
138,18.0,0.0,160.0,76.0
138,20.0,0.0,160.0,76.0
138,22.0,0.0,160.0,76.0
138,24.0,0.0,160.0,76.0
138,26.0,0.0,160.0,76.0
138,28.0,0.0,160.0,76.0
138,30.0,0.0,160.0,76.0
138,32.0,0.0,160.0,76.0
138,34.0,0.0,160.0,76.0
138,36.0,0.0,160.0,76.0
138,38.0,0.0,160.0,76.0
138,40.0,0.0,160.0,76.0
138,42.0,0.0,160.0,76.0
138,44.0,0.0,160.0,76.0
138,46.0,0.0,160.0,76.0
138,48.0,0.0,160.0,76.0
138,50.0,0.0,160.0,76.0
138,52.0,0.0,160.0,76.0
138,54.0,0.0,160.0,76.0
138,56.0,0.0,160.0,76.0
138,58.0,0.0,160.0,76.0
138,60.0,0.0,160.0,76.0
138,62.0,0.0,160.0,76.0
138,64.0,0.0,160.0,76.0
138,66.0,0.0,160.0,76.0
138,0.0,0.0,160.0,76.0
138,3.0,0.0,160.0,76.0
138,5.0,0.0,160.0,76.0
138,7.0,0.0,160.0,76.0
138,9.0,0.0,160.0,76.0
138,11.0,0.0,160.0,76.0
138,13.0,0.0,160.0,76.0
138,15.0,0.0,160.0,76.0
138,17.0,0.0,160.0,76.0
138,19.0,0.0,160.0,76.0
138,21.0,0.0,160.0,76.0
138,23.0,0.0,160.0,76.0
138,25.0,0.0,160.0,76.0
138,27.0,0.0,160.0,76.0
138,29.0,0.0,160.0,76.0
138,31.0,0.0,160.0,76.0
138,33.0,0.0,160.0,76.0
138,35.0,0.0,160.0,76.0
138,37.0,0.0,160.0,76.0
138,39.0,0.0,160.0,76.0
138,41.0,0.0,160.0,76.0
138,43.0,0.0,160.0,76.0
138,45.0,0.0,160.0,76.0
138,47.0,0.0,160.0,76.0
138,49.0,0.0,160.0,76.0
138,51.0,0.0,160.0,76.0
138,53.0,0.0,160.0,76.0
138,55.0,0.0,160.0,76.0
138,57.0,0.0,160.0,76.0
138,59.0,0.0,160.0,76.0
138,61.0,0.0,160.0,76.0
138,63.0,0.0,160.0,76.0
138,65.0,0.0,160.0,76.0
138,67.0,0.0,160.0,76.0
138,69.0,160.0,320.0,76.001
138,70.0,160.0,320.0,76.001
138,72.0,160.0,320.0,76.001
138,74.0,160.0,320.0,76.001
138,76.0,160.0,320.0,76.001
138,78.0,160.0,320.0,76.001
138,80.0,160.0,320.0,76.001
138,82.0,160.0,320.0,76.001
138,84.0,160.0,320.0,76.001
138,86.0,160.0,320.0,76.001
138,88.0,160.0,320.0,76.001
138,90.0,160.0,320.0,76.001
138,92.0,160.0,320.0,76.001
138,94.0,160.0,320.0,76.001
138,96.0,160.0,320.0,76.001
138,98.0,160.0,320.0,76.001
138,100.0,160.0,320.0,76.001
138,102.0,160.0,320.0,76.001
138,104.0,160.0,320.0,76.001
138,106.0,160.0,320.0,76.001
138,108.0,160.0,320.0,76.001
138,110.0,160.0,320.0,76.001
138,112.0,160.0,320.0,76.001
138,114.0,160.0,320.0,76.001
138,116.0,160.0,320.0,76.001
138,118.0,160.0,320.0,76.001
138,120.0,160.0,320.0,76.001
138,122.0,160.0,320.0,76.001
138,124.0,160.0,320.0,76.001
138,126.0,160.0,320.0,76.001
138,128.0,160.0,320.0,76.001
138,130.0,160.0,320.0,76.001
138,132.0,160.0,320.0,76.001
138,134.0,160.0,320.0,76.001
138,68.0,160.0,320.0,76.001
138,71.0,160.0,320.0,76.001
138,73.0,160.0,320.0,76.001
138,75.0,160.0,320.0,76.001
138,77.0,160.0,320.0,76.001
138,79.0,160.0,320.0,76.001
138,81.0,160.0,320.0,76.001
138,83.0,160.0,320.0,76.001
138,85.0,160.0,320.0,76.001
138,87.0,160.0,320.0,76.001
138,89.0,160.0,320.0,76.001
138,91.0,160.0,320.0,76.001
138,93.0,160.0,320.0,76.001
138,95.0,160.0,320.0,76.001
138,97.0,160.0,320.0,76.001
138,99.0,160.0,320.0,76.001
138,101.0,160.0,320.0,76.001
138,103.0,160.0,320.0,76.001
138,105.0,160.0,320.0,76.001
138,107.0,160.0,320.0,76.001
138,109.0,160.0,320.0,76.001
138,111.0,160.0,320.0,76.001
138,113.0,160.0,320.0,76.001
138,115.0,160.0,320.0,76.001
138,117.0,160.0,320.0,76.001
138,119.0,160.0,320.0,76.001
138,121.0,160.0,320.0,76.001
138,123.0,160.0,320.0,76.001
138,125.0,160.0,320.0,76.001
138,127.0,160.0,320.0,76.001
138,129.0,160.0,320.0,76.001
138,131.0,160.0,320.0,76.001
138,133.0,160.0,320.0,76.001
138,135.0,160.0,320.0,76.001
138,137.0,320.0,480.0,76.011
138,136.0,320.0,480.0,76.011
108,1.0,0.0,160.0,76.0
108,3.0,0.0,160.0,76.0
108,5.0,0.0,160.0,76.0
108,7.0,0.0,160.0,76.0
108,9.0,0.0,160.0,76.0
108,11.0,0.0,160.0,76.0
108,13.0,0.0,160.0,76.0
108,15.0,0.0,160.0,76.0
108,17.0,0.0,160.0,76.0
108,19.0,0.0,160.0,76.0
108,21.0,0.0,160.0,76.0
108,23.0,0.0,160.0,76.0
108,25.0,0.0,160.0,76.0
108,27.0,0.0,160.0,76.0
108,29.0,0.0,160.0,76.0
108,31.0,0.0,160.0,76.0
108,33.0,0.0,160.0,76.0
108,35.0,0.0,160.0,76.0
108,37.0,0.0,160.0,76.0
108,39.0,0.0,160.0,76.0
108,41.0,0.0,160.0,76.0
108,43.0,0.0,160.0,76.0
108,45.0,0.0,160.0,76.0
108,47.0,0.0,160.0,76.0
108,49.0,0.0,160.0,76.0
108,51.0,0.0,160.0,76.0
108,53.0,0.0,160.0,76.0
108,55.0,0.0,160.0,76.0
108,57.0,0.0,160.0,76.0
108,59.0,0.0,160.0,76.0
108,61.0,0.0,160.0,76.0
108,63.0,0.0,160.0,76.0
108,65.0,0.0,160.0,76.0
108,67.0,0.0,160.0,76.0
108,0.0,0.0,160.0,76.0
108,2.0,0.0,160.0,76.0
108,4.0,0.0,160.0,76.0
108,6.0,0.0,160.0,76.0
108,8.0,0.0,160.0,76.0
108,10.0,0.0,160.0,76.0
108,12.0,0.0,160.0,76.0
108,14.0,0.0,160.0,76.0
108,16.0,0.0,160.0,76.0
108,18.0,0.0,160.0,76.0
108,20.0,0.0,160.0,76.0
108,22.0,0.0,160.0,76.0
108,24.0,0.0,160.0,76.0
108,26.0,0.0,160.0,76.0
108,28.0,0.0,160.0,76.0
108,30.0,0.0,160.0,76.0
108,32.0,0.0,160.0,76.0
108,34.0,0.0,160.0,76.0
108,36.0,0.0,160.0,76.0
108,38.0,0.0,160.0,76.0
108,40.0,0.0,160.0,76.0
108,42.0,0.0,160.0,76.0
108,44.0,0.0,160.0,76.0
108,46.0,0.0,160.0,76.0
108,48.0,0.0,160.0,76.0
108,50.0,0.0,160.0,76.0
108,52.0,0.0,160.0,76.0
108,54.0,0.0,160.0,76.0
108,56.0,0.0,160.0,76.0
108,58.0,0.0,160.0,76.0
108,60.0,0.0,160.0,76.0
108,62.0,0.0,160.0,76.0
108,64.0,0.0,160.0,76.0
108,66.0,0.0,160.0,76.0
108,69.0,160.0,320.0,76.001
108,71.0,160.0,320.0,76.001
108,73.0,160.0,320.0,76.001
108,75.0,160.0,320.0,76.001
108,77.0,160.0,320.0,76.001
108,79.0,160.0,320.0,76.001
108,81.0,160.0,320.0,76.001
108,83.0,160.0,320.0,76.001
108,85.0,160.0,320.0,76.001
108,87.0,160.0,320.0,76.001
108,89.0,160.0,320.0,76.001
108,91.0,160.0,320.0,76.001
108,93.0,160.0,320.0,76.001
108,95.0,160.0,320.0,76.001
108,97.0,160.0,320.0,76.001
108,99.0,160.0,320.0,76.001
108,101.0,160.0,320.0,76.001
108,103.0,160.0,320.0,76.001
108,105.0,160.0,320.0,76.001
108,107.0,160.0,320.0,76.001
108,68.0,160.0,320.0,76.001
108,70.0,160.0,320.0,76.001
108,72.0,160.0,320.0,76.001
108,74.0,160.0,320.0,76.001
108,76.0,160.0,320.0,76.001
108,78.0,160.0,320.0,76.001
108,80.0,160.0,320.0,76.001
108,82.0,160.0,320.0,76.001
108,84.0,160.0,320.0,76.001
108,86.0,160.0,320.0,76.001
108,88.0,160.0,320.0,76.001
108,90.0,160.0,320.0,76.001
108,92.0,160.0,320.0,76.001
108,94.0,160.0,320.0,76.001
108,96.0,160.0,320.0,76.001
108,98.0,160.0,320.0,76.001
108,100.0,160.0,320.0,76.001
108,102.0,160.0,320.0,76.001
108,104.0,160.0,320.0,76.001
108,106.0,160.0,320.0,76.001
78,1.0,0.0,160.0,76.0
78,3.0,0.0,160.0,76.0
78,5.0,0.0,160.0,76.0
78,7.0,0.0,160.0,76.0
78,9.0,0.0,160.0,76.0
78,11.0,0.0,160.0,76.0
78,13.0,0.0,160.0,76.0
78,15.0,0.0,160.0,76.0
78,17.0,0.0,160.0,76.0
78,19.0,0.0,160.0,76.0
78,21.0,0.0,160.0,76.0
78,23.0,0.0,160.0,76.0
78,25.0,0.0,160.0,76.0
78,27.0,0.0,160.0,76.0
78,29.0,0.0,160.0,76.0
78,31.0,0.0,160.0,76.0
78,33.0,0.0,160.0,76.0
78,35.0,0.0,160.0,76.0
78,37.0,0.0,160.0,76.0
78,39.0,0.0,160.0,76.0
78,41.0,0.0,160.0,76.0
78,43.0,0.0,160.0,76.0
78,45.0,0.0,160.0,76.0
78,47.0,0.0,160.0,76.0
78,49.0,0.0,160.0,76.0
78,51.0,0.0,160.0,76.0
78,53.0,0.0,160.0,76.0
78,55.0,0.0,160.0,76.0
78,57.0,0.0,160.0,76.0
78,59.0,0.0,160.0,76.0
78,61.0,0.0,160.0,76.0
78,63.0,0.0,160.0,76.0
78,65.0,0.0,160.0,76.0
78,67.0,0.0,160.0,76.0
78,0.0,0.0,160.0,76.0
78,2.0,0.0,160.0,76.0
78,4.0,0.0,160.0,76.0
78,6.0,0.0,160.0,76.0
78,8.0,0.0,160.0,76.0
78,10.0,0.0,160.0,76.0
78,12.0,0.0,160.0,76.0
78,14.0,0.0,160.0,76.0
78,16.0,0.0,160.0,76.0
78,18.0,0.0,160.0,76.0
78,20.0,0.0,160.0,76.0
78,22.0,0.0,160.0,76.0
78,24.0,0.0,160.0,76.0
78,26.0,0.0,160.0,76.0
78,28.0,0.0,160.0,76.0
78,30.0,0.0,160.0,76.0
78,32.0,0.0,160.0,76.0
78,34.0,0.0,160.0,76.0
78,36.0,0.0,160.0,76.0
78,38.0,0.0,160.0,76.0
78,40.0,0.0,160.0,76.0
78,42.0,0.0,160.0,76.0
78,44.0,0.0,160.0,76.0
78,46.0,0.0,160.0,76.0
78,48.0,0.0,160.0,76.0
78,50.0,0.0,160.0,76.0
78,52.0,0.0,160.0,76.0
78,54.0,0.0,160.0,76.0
78,56.0,0.0,160.0,76.0
78,58.0,0.0,160.0,76.0
78,60.0,0.0,160.0,76.0
78,62.0,0.0,160.0,76.0
78,64.0,0.0,160.0,76.0
78,66.0,0.0,160.0,76.0
78,69.0,160.0,320.0,76.001
78,71.0,160.0,320.0,76.001
78,73.0,160.0,320.0,76.001
78,75.0,160.0,320.0,76.001
78,77.0,160.0,320.0,76.001
78,68.0,160.0,320.0,76.001
78,70.0,160.0,320.0,76.001
78,72.0,160.0,320.0,76.001
78,74.0,160.0,320.0,76.001
78,76.0,160.0,320.0,76.001
158,0.0,0.0,160.0,76.0
158,2.0,0.0,160.0,76.0
158,4.0,0.0,160.0,76.0
158,6.0,0.0,160.0,76.0
158,8.0,0.0,160.0,76.0
158,10.0,0.0,160.0,76.0
158,12.0,0.0,160.0,76.0
158,14.0,0.0,160.0,76.0
158,16.0,0.0,160.0,76.0
158,18.0,0.0,160.0,76.0
158,20.0,0.0,160.0,76.0
158,22.0,0.0,160.0,76.0
158,24.0,0.0,160.0,76.0
158,26.0,0.0,160.0,76.0
158,28.0,0.0,160.0,76.0
158,30.0,0.0,160.0,76.0
158,32.0,0.0,160.0,76.0
158,34.0,0.0,160.0,76.0
158,36.0,0.0,160.0,76.0
158,38.0,0.0,160.0,76.0
158,40.0,0.0,160.0,76.0
158,42.0,0.0,160.0,76.0
158,44.0,0.0,160.0,76.0
158,46.0,0.0,160.0,76.0
158,48.0,0.0,160.0,76.0
158,50.0,0.0,160.0,76.0
158,52.0,0.0,160.0,76.0
158,54.0,0.0,160.0,76.0
158,56.0,0.0,160.0,76.0
158,58.0,0.0,160.0,76.0
158,60.0,0.0,160.0,76.0
158,62.0,0.0,160.0,76.0
158,64.0,0.0,160.0,76.0
158,66.0,0.0,160.0,76.0
158,1.0,0.0,160.0,76.0
158,3.0,0.0,160.0,76.0
158,5.0,0.0,160.0,76.0
158,7.0,0.0,160.0,76.0
158,9.0,0.0,160.0,76.0
158,11.0,0.0,160.0,76.0
158,13.0,0.0,160.0,76.0
158,15.0,0.0,160.0,76.0
158,17.0,0.0,160.0,76.0
158,19.0,0.0,160.0,76.0
158,21.0,0.0,160.0,76.0
158,23.0,0.0,160.0,76.0
158,25.0,0.0,160.0,76.0
158,27.0,0.0,160.0,76.0
158,29.0,0.0,160.0,76.0
158,31.0,0.0,160.0,76.0
158,33.0,0.0,160.0,76.0
158,35.0,0.0,160.0,76.0
158,37.0,0.0,160.0,76.0
158,39.0,0.0,160.0,76.0
158,41.0,0.0,160.0,76.0
158,43.0,0.0,160.0,76.0
158,45.0,0.0,160.0,76.0
158,47.0,0.0,160.0,76.0
158,49.0,0.0,160.0,76.0
158,51.0,0.0,160.0,76.0
158,53.0,0.0,160.0,76.0
158,55.0,0.0,160.0,76.0
158,57.0,0.0,160.0,76.0
158,59.0,0.0,160.0,76.0
158,61.0,0.0,160.0,76.0
158,63.0,0.0,160.0,76.0
158,65.0,0.0,160.0,76.0
158,67.0,0.0,160.0,76.0
158,68.0,160.0,320.0,76.001
158,70.0,160.0,320.0,76.001
158,72.0,160.0,320.0,76.001
158,74.0,160.0,320.0,76.001
158,76.0,160.0,320.0,76.001
158,78.0,160.0,320.0,76.001
158,80.0,160.0,320.0,76.001
158,82.0,160.0,320.0,76.001
158,84.0,160.0,320.0,76.001
158,86.0,160.0,320.0,76.001
158,88.0,160.0,320.0,76.001
158,90.0,160.0,320.0,76.001
158,92.0,160.0,320.0,76.001
158,94.0,160.0,320.0,76.001
158,96.0,160.0,320.0,76.001
158,98.0,160.0,320.0,76.001
158,100.0,160.0,320.0,76.001
158,102.0,160.0,320.0,76.001
158,104.0,160.0,320.0,76.001
158,106.0,160.0,320.0,76.001
158,108.0,160.0,320.0,76.001
158,110.0,160.0,320.0,76.001
158,112.0,160.0,320.0,76.001
158,114.0,160.0,320.0,76.001
158,116.0,160.0,320.0,76.001
158,118.0,160.0,320.0,76.001
158,120.0,160.0,320.0,76.001
158,122.0,160.0,320.0,76.001
158,124.0,160.0,320.0,76.001
158,126.0,160.0,320.0,76.001
158,128.0,160.0,320.0,76.001
158,130.0,160.0,320.0,76.001
158,132.0,160.0,320.0,76.001
158,134.0,160.0,320.0,76.001
158,69.0,160.0,320.0,76.001
158,71.0,160.0,320.0,76.001
158,73.0,160.0,320.0,76.001
158,75.0,160.0,320.0,76.001
158,77.0,160.0,320.0,76.001
158,79.0,160.0,320.0,76.001
158,81.0,160.0,320.0,76.001
158,83.0,160.0,320.0,76.001
158,85.0,160.0,320.0,76.001
158,87.0,160.0,320.0,76.001
158,89.0,160.0,320.0,76.001
158,91.0,160.0,320.0,76.001
158,93.0,160.0,320.0,76.001
158,95.0,160.0,320.0,76.001
158,97.0,160.0,320.0,76.001
158,99.0,160.0,320.0,76.001
158,101.0,160.0,320.0,76.001
158,103.0,160.0,320.0,76.001
158,105.0,160.0,320.0,76.001
158,107.0,160.0,320.0,76.001
158,109.0,160.0,320.0,76.001
158,111.0,160.0,320.0,76.001
158,113.0,160.0,320.0,76.001
158,115.0,160.0,320.0,76.001
158,117.0,160.0,320.0,76.001
158,119.0,160.0,320.0,76.001
158,121.0,160.0,320.0,76.001
158,123.0,160.0,320.0,76.001
158,125.0,160.0,320.0,76.001
158,127.0,160.0,320.0,76.001
158,129.0,160.0,320.0,76.001
158,131.0,160.0,320.0,76.001
158,133.0,160.0,320.0,76.001
158,135.0,160.0,320.0,76.001
158,136.0,320.0,480.0,76.011
158,138.0,320.0,480.0,76.011
158,140.0,320.0,480.0,76.011
158,142.0,320.0,480.0,76.011
158,144.0,320.0,480.0,76.011
158,146.0,320.0,480.0,76.011
158,148.0,320.0,480.0,76.011
158,150.0,320.0,480.0,76.011
158,152.0,320.0,480.0,76.011
158,154.0,320.0,480.0,76.011
158,156.0,320.0,480.0,76.011
158,137.0,320.0,480.0,76.011
158,139.0,320.0,480.0,76.011
158,141.0,320.0,480.0,76.011
158,143.0,320.0,480.0,76.011
158,145.0,320.0,480.0,76.011
158,147.0,320.0,480.0,76.011
158,149.0,320.0,480.0,76.011
158,151.0,320.0,480.0,76.011
158,153.0,320.0,480.0,76.011
158,155.0,320.0,480.0,76.011
158,157.0,320.0,480.0,76.011
